{"epoch":10,"validation_accuracy":0.1,"_step":10,"_timestamp":1.7422041933106604e+09,"training_loss":2.303774633040378,"validation loss":2.3039576952736023,"test_accuracy":0.1,"_wandb":{"runtime":20},"_runtime":20.7290294}