{"test_accuracy":0.8647,"_runtime":59.3815684,"training_loss":0.4568051644296787,"_step":10,"_timestamp":1.7420657006664674e+09,"validation loss":0.35227594711348215,"epoch":10,"validation_accuracy":0.8691666666666666,"_wandb":{"runtime":59}}