{"epoch":10,"training_loss":0.3985594896312625,"validation_accuracy":0.8363725490196079,"_timestamp":1.7415519591772604e+09,"_runtime":18.260342,"_step":9,"_wandb":{"runtime":18}}