{"_step":5,"test_accuracy":0.8416,"validation_accuracy":0.8496666666666667,"validation loss":0.47407051919789667,"_runtime":27.5018818,"training_loss":0.4834657287679896,"_timestamp":1.7422032887628229e+09,"_wandb":{"runtime":27},"epoch":5}