{"_timestamp":1.7420645200197186e+09,"_runtime":17.7165895,"_step":0,"_wandb":{"runtime":17},"test_accuracy":0.8462}