{"validation_accuracy":0.5648333333333333,"_timestamp":1.742206412312016e+09,"epoch":10,"validation loss":1.1423252023368644,"training_loss":1.2486871014661403,"_runtime":29.4668157,"_step":10,"_wandb":{"runtime":29},"test_accuracy":0.5628}