{"test_accuracy":0.1,"_timestamp":1.742067691853049e+09,"_wandb":{"runtime":54},"validation_accuracy":0.10233333333333333,"validation loss":2.3027122860269635,"epoch":5,"_runtime":54.9249501,"training_loss":2.3029466535064462,"_step":5}