{"_runtime":84.440729,"_step":24,"_wandb":{"runtime":84},"epoch":25,"training_loss":0.1910788071800656,"validation_accuracy":0.8947777777777778,"_timestamp":1.7420599954369884e+09}