{"validation_accuracy":0.8255,"_wandb":{"runtime":54},"test_accuracy":0.8225,"training_loss":0.6371022364173812,"epoch":10,"_runtime":54.879552,"_timestamp":1.74214095126471e+09,"validation loss":0.48041776217680643,"_step":10}