{"epoch":5,"_runtime":41.7571262,"test_accuracy":0.1,"training_loss":2.3121643449967646,"_wandb":{"runtime":41},"_step":5,"validation loss":2.3027972442806677,"validation_accuracy":0.09766666666666667,"_timestamp":1.742205878324319e+09}