{"validation_accuracy":0.8785,"_step":10,"epoch":10,"_timestamp":1.7421422348119526e+09,"test_accuracy":0.8732,"_wandb":{"runtime":29},"_runtime":29.1128085,"training_loss":0.29984945667676094,"validation loss":0.3330744377302076}