{"_runtime":1491.7480092,"validation_accuracy":0.7913333333333333,"epoch":40,"test_accuracy":0.7874,"validation loss":0.1474855711718827,"training_loss":0.14818202008942827,"_timestamp":1.7420838282571113e+09,"_wandb":{"runtime":1491},"_step":40}