{"_wandb":{"runtime":63},"training_loss":0.7303543337839299,"validation loss":0.5853957974827684,"_runtime":63.3932073,"test_accuracy":0.7881,"validation_accuracy":0.7951666666666667,"_step":10,"_timestamp":1.7415972179541466e+09,"epoch":10}