{"_wandb":{"runtime":78},"validation loss":0.38359008977498776,"test_accuracy":0.8566,"_runtime":78.1065672,"epoch":10,"validation_accuracy":0.863,"training_loss":0.4378047415262196,"_timestamp":1.7421399508411076e+09,"_step":10}