{"_timestamp":1.7421453056746547e+09,"_step":10,"validation_accuracy":0.8338333333333333,"_runtime":40.1862575,"validation loss":0.4587649205499406,"test_accuracy":0.8308,"training_loss":0.6143236868053693,"epoch":10,"_wandb":{"runtime":40}}