{"_wandb":{"runtime":9},"_step":5,"_runtime":9.56355,"test_accuracy":0.1,"training_loss":6.092308840831297,"validation loss":2.302581786533292,"epoch":5,"_timestamp":1.7422041660843375e+09,"validation_accuracy":0.1}