{"validation_accuracy":0.09968627450980393,"_timestamp":1.7415535461407173e+09,"_runtime":11.3152515,"_step":5,"epoch":5,"training_loss":2.301937664038525,"test_accuracy":0.1,"_wandb":{"runtime":11}}