{"validation loss":0.3258144191776602,"epoch":10,"test_accuracy":0.8761,"validation_accuracy":0.8811666666666667,"_timestamp":1.7421441186916897e+09,"training_loss":0.4283832517481791,"_runtime":103.2030814,"_step":10,"_wandb":{"runtime":103}}