{"test_accuracy":0.1,"_runtime":15.0415417,"epoch":5,"validation loss":2.302747206557404,"_step":5,"validation_accuracy":0.10133333333333333,"training_loss":2.303274843609145,"_timestamp":1.742204810325775e+09,"_wandb":{"runtime":15}}