{"_runtime":44.1284938,"_step":5,"test_accuracy":0.7962,"training_loss":0.7521625214534502,"_wandb":{"runtime":44},"epoch":5,"validation_accuracy":0.7961666666666667,"validation loss":0.5767146019276174,"_timestamp":1.7415975174858418e+09}