{"_step":10,"epoch":10,"training_loss":0.5283304804316481,"test_accuracy":0.8048,"_wandb":{"runtime":9},"validation_accuracy":0.8147843137254902,"_timestamp":1.7415536503506556e+09,"_runtime":9.2627244}