{"validation loss":2.301469316738212,"_step":5,"training_loss":2.4972471036905888,"validation_accuracy":0.17633333333333334,"epoch":5,"_runtime":18.5438711,"test_accuracy":0.1853,"_wandb":{"runtime":18},"_timestamp":1.7422056538047018e+09}