{"validation_accuracy":0.629,"_runtime":9.945935,"_wandb":{"runtime":9},"test_accuracy":0.6312,"_step":5,"validation loss":1.0662210702403065,"epoch":5,"training_loss":1.213501811033064,"_timestamp":1.742069087489604e+09}