{"_timestamp":1.7421970540645926e+09,"test_accuracy":0.6088,"validation loss":7.334996249550511,"_wandb":{"runtime":71},"_step":10,"training_loss":8.447518504460469,"validation_accuracy":0.611,"epoch":10,"_runtime":71.1808573}