{"_step":5,"test_accuracy":0.1,"validation loss":2.3026237150745184,"training_loss":2.3026461117551094,"validation_accuracy":0.0995,"_wandb":{"runtime":9},"_timestamp":1.7420662300528407e+09,"_runtime":9.4094831,"epoch":5}