{"validation loss":0.4723635994855133,"test_accuracy":0.8168,"validation_accuracy":0.8225,"training_loss":0.45879523674238154,"_runtime":18.9656804,"_wandb":{"runtime":19},"epoch":5,"_timestamp":1.742065632909353e+09,"_step":5}