{"training_loss":3.2538782814011395,"_wandb":{"runtime":33},"validation_accuracy":0.09950980392156862,"_timestamp":1.741552000534555e+09,"_runtime":33.3218187,"_step":9,"epoch":10}