{"validation_accuracy":0.3186470588235294,"_timestamp":1.741552518956899e+09,"_runtime":17.70386,"_step":4,"_wandb":{"runtime":17},"epoch":5,"training_loss":1.9232945789558569}