{"_step":10,"_timestamp":1.7415981545098639e+09,"_wandb":{"runtime":18},"validation loss":0.382558487388475,"test_accuracy":0.8543,"epoch":10,"validation_accuracy":0.8625,"training_loss":0.4223791065384898,"_runtime":18.1191506}