{"_step":10,"validation_accuracy":0.877,"test_accuracy":0.869,"validation loss":0.3337571130856006,"_wandb":{"runtime":125},"_timestamp":1.7421438162119e+09,"_runtime":125.9109124,"training_loss":0.4030605995442986,"epoch":10}