{"epoch":5,"test_accuracy":0.215,"validation loss":2.1681526451271256,"_wandb":{"runtime":13},"_runtime":13.1761371,"_timestamp":1.7415966631368601e+09,"_step":5,"validation_accuracy":0.21933333333333332,"training_loss":2.25062413926264}