{"validation_accuracy":0.8591666666666666,"_wandb":{"runtime":44},"test_accuracy":0.8492,"training_loss":0.5199717179319306,"_runtime":44.8252144,"epoch":5,"validation loss":0.38911527897068177,"_timestamp":1.742201595950184e+09,"_step":5}