{"epoch":5,"test_accuracy":0.1,"_runtime":47.6391502,"validation_accuracy":0.09766666666666667,"validation loss":NaN,"_wandb":{"runtime":47},"_step":5,"training_loss":NaN,"_timestamp":1.7415967460479422e+09}