{"test_accuracy":0.1989,"_wandb":{"runtime":7},"training_loss":2.2653670218148845,"validation_accuracy":0.19850980392156864,"_timestamp":1.7415538288443232e+09,"_runtime":7.3776514,"_step":5,"epoch":5}