{"validation loss":0.49066403281975285,"epoch":30,"validation_accuracy":0.8238333333333333,"_wandb":{"runtime":512},"_runtime":512.0980008,"test_accuracy":0.8211,"training_loss":0.519302937291812,"_step":30,"_timestamp":1.7421280440511758e+09}