{"epoch":5,"validation_accuracy":0.8611666666666666,"test_accuracy":0.8579,"training_loss":0.42921529641231326,"_timestamp":1.7422037104210083e+09,"validation loss":0.36130711715993363,"_wandb":{"runtime":9},"_runtime":8.9851802,"_step":5}