{"_runtime":48.754507,"_wandb":{"runtime":48},"training_loss":0.505978225330342,"_step":10,"test_accuracy":0.8668,"validation loss":0.3422544492370441,"epoch":10,"validation_accuracy":0.8721666666666666,"_timestamp":1.7421427480578356e+09}