{"training_loss":0.4133584681269128,"validation_accuracy":0.8696666666666667,"test_accuracy":0.8669,"_step":10,"validation loss":0.3574495601553445,"_timestamp":1.7421379617315946e+09,"_wandb":{"runtime":136},"epoch":10,"_runtime":136.7108491}