{"_runtime":13.8655794,"validation loss":0.5109834376221335,"_step":5,"training_loss":0.5127077797608559,"validation_accuracy":0.8206666666666667,"_timestamp":1.7421993929867833e+09,"test_accuracy":0.8185,"epoch":5,"_wandb":{"runtime":13}}