{"epoch":10,"test_accuracy":0.1,"_wandb":{"runtime":12},"training_loss":2.3025694145925986,"validation_accuracy":0.09945098039215686,"_timestamp":1.7415539706624775e+09,"_runtime":12.3254766,"_step":10}