{"training_loss":0.32835566960177803,"test_accuracy":0.8677,"validation loss":0.3455723576791367,"epoch":5,"_wandb":{"runtime":102},"validation_accuracy":0.8716666666666667,"_timestamp":1.7420694349309187e+09,"_runtime":102.2795906,"_step":5}