{"test_accuracy":0.8125,"training_loss":0.7353495028598305,"validation loss":0.5545632053974393,"_step":5,"validation_accuracy":0.8115,"_wandb":{"runtime":16},"_runtime":16.451233,"_timestamp":1.7420683094600167e+09,"epoch":5}