{"_wandb":{"runtime":41},"validation loss":0.6089903155156215,"training_loss":0.7705070946946827,"test_accuracy":0.7883,"epoch":10,"_runtime":41.6153343,"_step":10,"validation_accuracy":0.7968333333333333,"_timestamp":1.742204320451766e+09}