{"_wandb":{"runtime":21},"_runtime":21.8610318,"epoch":5,"test_accuracy":0.7838,"validation_accuracy":0.7873333333333333,"_timestamp":1.7420651989581366e+09,"_step":5,"validation loss":0.6193192417832041,"training_loss":0.6334745721652493}