{"Epoch":10,"Train Accuracy":0.10396078431372549,"Validation Accuracy":0.10622222222222222,"Test Accuracy":0.1054,"_timestamp":1.7413575175603719e+09,"_runtime":21.726967,"_step":9,"_wandb":{"runtime":21}}