{"training_loss":0.7723727781225088,"_wandb":{"runtime":25},"_runtime":25.203565,"validation_accuracy":0.7691666666666667,"epoch":10,"_step":10,"test_accuracy":0.7672,"validation loss":0.6768293612741189,"_timestamp":1.7422043520671854e+09}