{"test_accuracy":0.1,"validation_accuracy":0.1,"_step":10,"validation loss":2.303149435595319,"_wandb":{"runtime":73},"_runtime":73.3256233,"_timestamp":1.7415968613204033e+09,"epoch":10,"training_loss":3.5087710745084264}