{"_runtime":5.5689804,"_step":4,"epoch":5,"training_loss":1.4905044043472357,"_wandb":{"runtime":5},"validation_accuracy":0.7018627450980393,"_timestamp":1.7415527833873575e+09}