{"training_loss":1.4500623587420396,"_step":5,"_timestamp":1.7422003939239552e+09,"_runtime":26.1804489,"epoch":5,"_wandb":{"runtime":26},"validation loss":1.3227709327220518,"test_accuracy":0.5703,"validation_accuracy":0.5803333333333334}