{"_runtime":12.442167,"_step":10,"epoch":10,"test_accuracy":0.1,"_wandb":{"runtime":12},"training_loss":2.302419369538074,"validation_accuracy":0.09950980392156862,"_timestamp":1.7415535625480692e+09}