{"_runtime":6.4632709,"_step":5,"epoch":5,"training_loss":0.6333081011482533,"_wandb":{"runtime":6},"validation loss":0.6195528656033057,"test_accuracy":0.7836,"_timestamp":1.7415977121750438e+09,"validation_accuracy":0.7873333333333333}