{"validation_accuracy":0.6333333333333333,"_runtime":21.6573878,"_timestamp":1.7422045808318594e+09,"training_loss":1.2898460566334158,"test_accuracy":0.6346,"_wandb":{"runtime":21},"validation loss":1.0323699012740515,"epoch":5,"_step":5}