{"_wandb":{"runtime":41},"training_loss":1.5150695225624649,"epoch":10,"_step":10,"_runtime":41.175878,"test_accuracy":0.6498,"_timestamp":1.7421960014202728e+09,"validation loss":1.4632418458452663,"validation_accuracy":0.649}