{"_timestamp":1.741552448316842e+09,"_runtime":21.9688785,"_step":4,"_wandb":{"runtime":21},"epoch":5,"training_loss":0.39958761835925966,"validation_accuracy":0.8461960784313726}