{"_runtime":60.0882484,"_step":10,"validation_accuracy":0.09766666666666667,"epoch":10,"validation loss":2.472926511701252,"training_loss":12.65935769833947,"_wandb":{"runtime":60},"_timestamp":1.7415984073563304e+09,"test_accuracy":0.0996}