{"epoch":10,"validation_accuracy":0.8355,"_timestamp":1.7421431086961133e+09,"_wandb":{"runtime":47},"training_loss":0.6338552507754558,"_runtime":47.1807783,"validation loss":0.4819571799530768,"test_accuracy":0.8302,"_step":10}