{"validation_accuracy":0.8685,"_wandb":{"runtime":33},"test_accuracy":0.8548,"_step":10,"validation loss":0.3570771003061808,"epoch":10,"_timestamp":1.742144652138506e+09,"training_loss":0.32978534168797013,"_runtime":33.0386734}