{"_step":10,"validation loss":0.4703022834206467,"_timestamp":1.7421388510727541e+09,"training_loss":0.6249913409925979,"_runtime":32.8306881,"epoch":10,"_wandb":{"runtime":32},"validation_accuracy":0.8388333333333333,"test_accuracy":0.8299}