{"_timestamp":1.7420652686507263e+09,"validation_accuracy":0.09766666666666667,"validation loss":2.302608653158537,"training_loss":2.302631963782765,"epoch":10,"_wandb":{"runtime":44},"_runtime":44.0226771,"_step":10,"test_accuracy":0.1}