{"validation loss":1.0897138887539923,"test_accuracy":0.6593,"training_loss":1.2605242307133144,"epoch":5,"_step":5,"_runtime":60.0482463,"validation_accuracy":0.664,"_timestamp":1.742200507514392e+09,"_wandb":{"runtime":60}}