{"validation_accuracy":0.8718333333333333,"epoch":10,"training_loss":0.38904358700978425,"test_accuracy":0.8656,"validation loss":0.42694463804726085,"_wandb":{"runtime":45},"_timestamp":1.742135642962464e+09,"_runtime":45.781531,"_step":10}