{"validation loss":0.34568295041871827,"epoch":10,"_runtime":51.3658025,"_step":10,"_wandb":{"runtime":51},"training_loss":0.4157773658635726,"test_accuracy":0.864,"validation_accuracy":0.8718333333333333,"_timestamp":1.7421443032394466e+09}