{"_timestamp":1.7422054944628952e+09,"test_accuracy":0.1,"validation_accuracy":0.10133333333333333,"training_loss":2.303360230712976,"epoch":10,"validation loss":2.302724094313048,"_step":10,"_runtime":20.0447051,"_wandb":{"runtime":20}}