{"_wandb":{"runtime":13},"training_loss":2.317508254439354,"epoch":5,"_runtime":13.0794744,"validation_accuracy":0.09766666666666667,"_timestamp":1.7422064376894088e+09,"_step":5,"test_accuracy":0.1,"validation loss":2.302590346812219}