{"validation_accuracy":0.6923333333333334,"test_accuracy":0.6956,"_runtime":24.6450144,"_wandb":{"runtime":24},"epoch":10,"validation loss":1.0600971482126187,"_timestamp":1.7420694678992476e+09,"training_loss":1.0643745619398188,"_step":10}