{"_timestamp":1.7415540937097766e+09,"_runtime":17.8797667,"_step":10,"epoch":10,"training_loss":2.302119172730038,"test_accuracy":0.1,"_wandb":{"runtime":17},"validation_accuracy":0.09968627450980393}