{"validation_accuracy":0.09766666666666667,"_wandb":{"runtime":19},"validation loss":2.3026094507739434,"_timestamp":1.7422020585836673e+09,"_step":10,"test_accuracy":0.1,"training_loss":2.3041594324993366,"epoch":10,"_runtime":18.9715744}