{"_timestamp":1.7422055343202858e+09,"training_loss":0.3961213745567388,"validation_accuracy":0.8726666666666667,"validation loss":0.34049531673756434,"epoch":10,"_wandb":{"runtime":32},"_runtime":32.6379662,"test_accuracy":0.8663,"_step":10}