{"test_accuracy":0.3984,"validation_accuracy":0.39,"training_loss":2.30501647877826,"_step":5,"_wandb":{"runtime":9},"epoch":5,"validation loss":2.2375390478647352,"_timestamp":1.7422059843162384e+09,"_runtime":9.266112}