{"test_accuracy":0.8561,"validation_accuracy":0.8593333333333333,"_step":5,"training_loss":0.372494721107535,"_wandb":{"runtime":10},"epoch":5,"validation loss":0.3798851289795336,"_timestamp":1.7422046913533785e+09,"_runtime":10.146938}