{"_wandb":{"runtime":131},"_timestamp":1.7421349129360013e+09,"validation_accuracy":0.8283333333333334,"training_loss":0.46102024868734715,"test_accuracy":0.8235,"epoch":10,"validation loss":0.477346511452069,"_runtime":130.9707494,"_step":10}