{"epoch":10,"validation_accuracy":0.8836666666666667,"validation loss":0.3203979338730821,"_step":10,"_runtime":51.2929206,"_timestamp":1.7421425951932201e+09,"training_loss":0.26220272814495216,"test_accuracy":0.8786,"_wandb":{"runtime":51}}