{"training_loss":0.49912677004418626,"_step":10,"test_accuracy":0.8578,"validation loss":0.3709058891053292,"_wandb":{"runtime":28},"epoch":10,"_timestamp":1.7421378216880045e+09,"validation_accuracy":0.864,"_runtime":28.5894036}