{"_timestamp":1.7415435948641274e+09,"_wandb":{"runtime":42},"_runtime":42.1678509,"_step":9,"epoch":10,"training_loss":0.8636748432684495,"validation_accuracy":0.7321111111111112}