{"_timestamp":1.741552823618812e+09,"_runtime":35.1889305,"_step":9,"_wandb":{"runtime":35},"epoch":10,"training_loss":2.3050506906844466,"validation_accuracy":0.10003921568627451}