{"validation_accuracy":0.7576666666666667,"_runtime":51.3833606,"_wandb":{"runtime":51},"_step":10,"training_loss":0.7498152914951245,"test_accuracy":0.751,"epoch":10,"_timestamp":1.7420669672122822e+09,"validation loss":0.7396929531371815}