{"_wandb":{"runtime":27},"validation loss":0.4251321780227153,"_timestamp":1.7420693282289355e+09,"training_loss":0.4066465276754372,"test_accuracy":0.8404,"validation_accuracy":0.8458333333333333,"_step":5,"_runtime":27.5579659,"epoch":5}