{"epoch":10,"test_accuracy":0.1,"training_loss":2.321234520381103,"_runtime":11.7298783,"_timestamp":1.7421992671195917e+09,"validation_accuracy":0.09766666666666667,"validation loss":2.3026656438330813,"_wandb":{"runtime":11},"_step":10}