{"validation_accuracy":0.8315,"training_loss":0.4591746767964992,"_step":10,"test_accuracy":0.8277,"_wandb":{"runtime":79},"epoch":10,"validation loss":0.46810951941427037,"_timestamp":1.7420666939219954e+09,"_runtime":79.7289877}