{"_wandb":{"runtime":14},"epoch":10,"_runtime":14.3657197,"validation loss":2.3028465767686668,"test_accuracy":0.1,"_timestamp":1.741597730774318e+09,"_step":10,"training_loss":2.464924415001225,"validation_accuracy":0.10133333333333333}