{"_runtime":38.0802809,"validation_accuracy":0.10133333333333333,"epoch":10,"test_accuracy":0.1,"_wandb":{"runtime":38},"validation loss":2.3025718950696463,"_timestamp":1.7421990923390436e+09,"training_loss":2.3046347760955044,"_step":10}