{"test_accuracy":0.6467,"validation loss":1.0066061878824133,"_timestamp":1.7421428268864603e+09,"_wandb":{"runtime":47},"validation_accuracy":0.6446666666666667,"_runtime":47.7110677,"training_loss":1.0222228819883157,"epoch":10,"_step":10}