{"test_accuracy":0.8772,"validation loss":0.3229742656491021,"training_loss":0.2577343808469173,"validation_accuracy":0.8856666666666667,"_timestamp":1.7421431866938174e+09,"_wandb":{"runtime":39},"_runtime":39.0756393,"_step":10,"epoch":10}