{"_wandb":{"runtime":28},"validation_accuracy":0.7843333333333333,"epoch":10,"validation loss":0.6039336734814228,"test_accuracy":0.7819,"_runtime":28.5510781,"training_loss":0.6775491987129747,"_step":10,"_timestamp":1.7421370664548101e+09}