{"validation_accuracy":0.8203333333333334,"_wandb":{"runtime":20},"test_accuracy":0.8174,"epoch":5,"training_loss":0.5123198430069594,"_step":5,"_timestamp":1.7420684671034217e+09,"_runtime":20.4566869,"validation loss":0.5078264878641232}