{"training_loss":0.3712071994480801,"validation loss":0.41842418019608385,"test_accuracy":0.8545,"epoch":5,"_step":5,"_wandb":{"runtime":29},"_timestamp":1.741598196733598e+09,"_runtime":29.8940097,"validation_accuracy":0.8615}