{"validation loss":2.3026053607492227,"_wandb":{"runtime":10},"_step":5,"training_loss":2.3031704535489506,"test_accuracy":0.1,"_timestamp":1.741598422020097e+09,"validation_accuracy":0.0995,"epoch":5,"_runtime":10.3518089}