{"_runtime":30.9637371,"_step":10,"epoch":10,"validation loss":0.4587649205499406,"test_accuracy":0.8308,"_wandb":{"runtime":31},"training_loss":0.6143236868053693,"validation_accuracy":0.8338333333333333,"_timestamp":1.7421401091284242e+09}