{"training_loss":2.391580745168593,"epoch":10,"validation loss":2.2662700845054857,"test_accuracy":0.1,"_timestamp":1.7422029540032792e+09,"_wandb":{"runtime":54},"validation_accuracy":0.1,"_runtime":54.1712077,"_step":10}