{"test_accuracy":0.1,"training_loss":2.3030879076904345,"epoch":10,"_wandb":{"runtime":82},"validation loss":2.3026647305490995,"validation_accuracy":0.09766666666666667,"_timestamp":1.7420682019181364e+09,"_runtime":82.9536861,"_step":10}