{"_timestamp":1.7420696003244824e+09,"validation_accuracy":0.097,"epoch":5,"_runtime":13.04947,"test_accuracy":0.0992,"validation loss":2.3026997044594855,"_wandb":{"runtime":13},"_step":5,"training_loss":2.344762765547354}