{"epoch":10,"validation_accuracy":0.8333333333333334,"training_loss":0.6139462416373613,"test_accuracy":0.8257,"validation loss":0.465352472068078,"_runtime":55.6422393,"_step":10,"_wandb":{"runtime":55},"_timestamp":1.7420672211952717e+09}