{"validation loss":0.48176495180232237,"validation_accuracy":0.8318333333333333,"epoch":10,"training_loss":0.7940093967916201,"_runtime":78.9634103,"_step":10,"_wandb":{"runtime":79},"_timestamp":1.7421376453309555e+09,"test_accuracy":0.8226}