{"validation_accuracy":0.10116666666666667,"_wandb":{"runtime":24},"training_loss":2.3133501640079746,"epoch":10,"validation loss":2.3025264640677783,"test_accuracy":0.1,"_runtime":23.9962761,"_step":10,"_timestamp":1.7415975539136376e+09}