{"_wandb":{"runtime":53},"training_loss":2.685267208061831,"_runtime":53.0158362,"test_accuracy":0.1,"validation loss":2.3026020707908597,"validation_accuracy":0.09766666666666667,"_timestamp":1.7415985282201157e+09,"_step":5,"epoch":5}