{"test_accuracy":0.8052,"_step":10,"training_loss":0.525719294275976,"validation_accuracy":0.81,"validation loss":0.5404203970714132,"epoch":10,"_wandb":{"runtime":44},"_timestamp":1.7421429663766763e+09,"_runtime":44.6215897}