{"validation loss":0.3736361891312806,"test_accuracy":0.8581,"validation_accuracy":0.8633333333333333,"_wandb":{"runtime":26},"epoch":10,"training_loss":0.30955628826473935,"_timestamp":1.7421438496701632e+09,"_runtime":26.2874044,"_step":10}