{"test_accuracy":0.7628,"validation_accuracy":0.7691666666666667,"epoch":10,"validation loss":0.6577034362382999,"_runtime":59.8469042,"_step":10,"training_loss":0.8199747915924885,"_wandb":{"runtime":59},"_timestamp":1.7421430308186417e+09}