{"_step":5,"test_accuracy":0.8278,"epoch":5,"validation loss":0.43808254997277635,"_wandb":{"runtime":23},"_timestamp":1.7420683532134597e+09,"_runtime":23.1774518,"training_loss":0.4889197859661036,"validation_accuracy":0.8311666666666667}