{"_step":49,"epoch":50,"training_loss":0.09188730436523702,"validation_accuracy":0.8948888888888888,"_timestamp":1.7415447052553296e+09,"_wandb":{"runtime":182},"_runtime":182.9227585}