{"_timestamp":1.7415524201342945e+09,"_runtime":20.3297032,"_step":9,"epoch":10,"training_loss":2.0817391260641016,"validation_accuracy":0.46419607843137256,"_wandb":{"runtime":20}}