{"test_accuracy":0.8514,"_step":5,"epoch":5,"validation_accuracy":0.8565,"training_loss":0.38702773387230094,"_wandb":{"runtime":8},"validation loss":0.3972209716186004,"_timestamp":1.742068979509835e+09,"_runtime":8.879778}