{"_timestamp":1.7415538529639382e+09,"_runtime":16.1699339,"_step":10,"epoch":10,"test_accuracy":0.597,"_wandb":{"runtime":16},"training_loss":1.0041635246459213,"validation_accuracy":0.5951764705882353}