{"_wandb":{"runtime":7},"_runtime":7.6152367,"_step":5,"validation_accuracy":0.09766666666666667,"validation loss":2.302614085312507,"_timestamp":1.7422051209394128e+09,"test_accuracy":0.1,"epoch":5,"training_loss":2.6068995481010715}