{"_wandb":{"runtime":35},"training_loss":1.2867619410475497,"validation_accuracy":0.661,"_timestamp":1.741545417045119e+09,"_runtime":35.8169918,"_step":29,"epoch":30}