{"validation loss":0.3359064347333098,"training_loss":0.4051949727318579,"_step":10,"epoch":10,"_runtime":87.1114897,"test_accuracy":0.8679,"_timestamp":1.7421407597822988e+09,"validation_accuracy":0.8763333333333333,"_wandb":{"runtime":87}}