{"_timestamp":1.742203540155698e+09,"_runtime":62.6160376,"test_accuracy":0.8634,"training_loss":0.28383232192257046,"validation loss":0.36777323985274724,"validation_accuracy":0.8736666666666667,"_step":10,"_wandb":{"runtime":62},"epoch":10}