{"validation_accuracy":0.1,"training_loss":2.385395312743878,"_runtime":15.4048709,"_step":5,"epoch":5,"test_accuracy":0.1,"_timestamp":1.7422045113936222e+09,"validation loss":2.302123763218484,"_wandb":{"runtime":15}}