{"training_loss":0.44587739066262655,"validation_accuracy":0.8561666666666666,"test_accuracy":0.8473,"validation loss":0.4043526211685059,"_runtime":14.3066252,"_wandb":{"runtime":14},"epoch":5,"_step":5,"_timestamp":1.7420652173325481e+09}