{"validation_accuracy":0.1001764705882353,"_timestamp":1.7415540678066545e+09,"_runtime":7.5305742,"_step":5,"epoch":5,"training_loss":2.353290984496931,"test_accuracy":0.1,"_wandb":{"runtime":7}}