{"validation loss":2.302659120869089,"validation_accuracy":0.0995,"_timestamp":1.7415969260024853e+09,"test_accuracy":0.1,"_runtime":10.6780299,"_step":5,"training_loss":2.3040229282885125,"epoch":5,"_wandb":{"runtime":10}}