{"_timestamp":1.74220497080074e+09,"_wandb":{"runtime":15},"validation_accuracy":0.0985,"_step":10,"epoch":10,"training_loss":2.303664612704309,"test_accuracy":0.1,"validation loss":2.3027621723118323,"_runtime":15.924716}