{"test_accuracy":0.1805,"_wandb":{"runtime":15},"training_loss":2.240267830460399,"validation_accuracy":0.18362745098039215,"_timestamp":1.7415542449598587e+09,"_runtime":15.534017500000001,"_step":10,"epoch":10}