{"_runtime":25.1322298,"test_accuracy":0.1091,"epoch":10,"training_loss":2.463129834670735,"_wandb":{"runtime":25},"_timestamp":1.7422050270205088e+09,"_step":10,"validation loss":2.3021090155175497,"validation_accuracy":0.1065}