{"test_accuracy":0.1,"training_loss":2.302614363142868,"validation_accuracy":0.09766666666666667,"epoch":10,"_runtime":46.8816464,"validation loss":2.3026060159131094,"_timestamp":1.7420675569411674e+09,"_wandb":{"runtime":46},"_step":10}