{"validation_accuracy":0.1001764705882353,"_timestamp":1.7415541787256064e+09,"_runtime":23.5523499,"_step":10,"epoch":10,"test_accuracy":0.1,"_wandb":{"runtime":23},"training_loss":2.3894415872889376}