{"epoch":10,"_step":10,"_timestamp":1.7421357607603729e+09,"training_loss":0.5710774519556181,"validation loss":0.5747982165197526,"validation_accuracy":0.795,"test_accuracy":0.7966,"_wandb":{"runtime":110},"_runtime":110.3738657}