{"_runtime":26.5016538,"validation_accuracy":0.10116666666666667,"_timestamp":1.7422021613240755e+09,"epoch":10,"test_accuracy":0.1,"_step":10,"validation loss":2.3025742490623555,"_wandb":{"runtime":26},"training_loss":2.30293452666843}