{"epoch":5,"test_accuracy":0.1,"_timestamp":1.7420688369138715e+09,"_step":5,"training_loss":2.312693878048136,"_wandb":{"runtime":14},"validation loss":2.3117296915408176,"validation_accuracy":0.09766666666666667,"_runtime":14.171365}