{"epoch":50,"training_loss":0.5559423086947501,"validation_accuracy":0.8207777777777778,"_timestamp":1.7415437237372775e+09,"_wandb":{"runtime":103},"_runtime":103.8386877,"_step":49}