{"validation_accuracy":0.827,"_wandb":{"runtime":476},"test_accuracy":0.8224,"validation loss":0.1231480482502729,"epoch":30,"training_loss":0.12480461352279586,"_step":30,"_runtime":476.8729326,"_timestamp":1.742118208823425e+09}