{"validation_accuracy":0.7991666666666667,"_runtime":21.998581,"training_loss":0.6236211111028878,"_timestamp":1.7420662582086866e+09,"validation loss":0.5815614458689291,"test_accuracy":0.7962,"_step":10,"epoch":10,"_wandb":{"runtime":22}}