{"test_accuracy":0.1,"training_loss":2.5586481145057194,"validation_accuracy":0.09766666666666667,"_step":5,"validation loss":2.3003429968183284,"_timestamp":1.7422055610021906e+09,"epoch":5,"_runtime":21.8547473,"_wandb":{"runtime":21}}