{"_step":10,"_timestamp":1.7421435294060047e+09,"epoch":10,"validation_accuracy":0.8736666666666667,"test_accuracy":0.8641,"_wandb":{"runtime":30},"validation loss":0.3397596092706626,"_runtime":30.7389862,"training_loss":0.3200038876931588}