{"test_accuracy":0.1,"validation loss":2.3026691067141667,"_runtime":41.8324905,"_step":5,"epoch":5,"_wandb":{"runtime":41},"_timestamp":1.742203000666902e+09,"training_loss":2.302787009568046,"validation_accuracy":0.09766666666666667}