{"_runtime":25.4454958,"validation loss":0.3362046428762552,"test_accuracy":0.8745,"epoch":10,"validation_accuracy":0.8771666666666667,"_timestamp":1.7421441959167798e+09,"training_loss":0.25938527554462365,"_wandb":{"runtime":25},"_step":10}