{"_runtime":19.1314617,"validation_accuracy":0.0995,"training_loss":2.324638239969947,"validation loss":2.3026167583474475,"test_accuracy":0.1,"epoch":10,"_wandb":{"runtime":19},"_timestamp":1.7422025848406286e+09,"_step":10}