{"_runtime":36.0327366,"_step":29,"epoch":30,"training_loss":0.21295067680433985,"validation_accuracy":0.8947777777777778,"_wandb":{"runtime":36},"_timestamp":1.7415457276073444e+09}