{"training_loss":2.052657432595701,"validation_accuracy":0.5127777777777778,"_wandb":{"runtime":12},"_timestamp":1.7415453714797928e+09,"_runtime":12.8825779,"_step":9,"epoch":10}