{"validation_accuracy":0.8878333333333334,"epoch":5,"training_loss":0.28240127850880353,"test_accuracy":0.8764,"validation loss":0.3079259922592906,"_timestamp":1.742201980591121e+09,"_runtime":67.0826706,"_step":5,"_wandb":{"runtime":67}}