{"_runtime":33.8018452,"_step":5,"validation_accuracy":0.594,"epoch":5,"test_accuracy":0.6016,"_timestamp":1.7421979626364813e+09,"training_loss":1.8214488833444826,"_wandb":{"runtime":33},"validation loss":1.770642871615951}