{"validation loss":1.1514719444221357,"epoch":10,"_timestamp":1.7422033668129594e+09,"validation_accuracy":0.6713333333333333,"_step":10,"training_loss":1.1707870194341727,"test_accuracy":0.6711,"_runtime":20.8980257,"_wandb":{"runtime":20}}