{"test_accuracy":0.8405,"_wandb":{"runtime":15},"epoch":10,"training_loss":0.30839547483005764,"validation_accuracy":0.853156862745098,"_timestamp":1.7415537780238209e+09,"_runtime":15.4392593,"_step":10}