{"epoch":10,"training_loss":0.27004136612405844,"validation_accuracy":0.885,"_timestamp":1.7415453191054435e+09,"_runtime":36.9255531,"_step":9,"_wandb":{"runtime":36}}