{"_timestamp":1.7421386479593816e+09,"epoch":10,"_wandb":{"runtime":93},"validation_accuracy":0.8756666666666667,"validation loss":0.33232230117787737,"training_loss":0.3704537106134351,"_runtime":93.4957766,"_step":10,"test_accuracy":0.8715}