{"_step":10,"_wandb":{"runtime":39},"epoch":10,"validation loss":0.33369341382379875,"test_accuracy":0.8718,"validation_accuracy":0.8826666666666667,"_timestamp":1.7421400657901692e+09,"_runtime":39.409854,"training_loss":0.2912078488057671}