{"_timestamp":1.742200251448614e+09,"training_loss":2.302696290710059,"_wandb":{"runtime":26},"validation loss":2.3026100929296076,"validation_accuracy":0.09766666666666667,"test_accuracy":0.1,"epoch":10,"_runtime":26.7082384,"_step":10}