{"validation_accuracy":0.7778333333333334,"validation loss":0.6197421328020296,"_timestamp":1.7422041528027766e+09,"test_accuracy":0.7729,"_runtime":80.1631015,"training_loss":0.8332413627124038,"epoch":5,"_wandb":{"runtime":80},"_step":5}