{"_runtime":25.2318021,"validation loss":2.3026849984198363,"training_loss":2.3027622845258233,"_wandb":{"runtime":25},"validation_accuracy":0.10233333333333333,"_timestamp":1.7422046112489755e+09,"epoch":10,"test_accuracy":0.1,"_step":10}