{"_step":10,"validation loss":0.31899116400933514,"training_loss":0.2815306387369979,"validation_accuracy":0.8816666666666667,"test_accuracy":0.8767,"_wandb":{"runtime":75},"epoch":10,"_timestamp":1.7421360803024287e+09,"_runtime":75.6317165}