{"_wandb":{"runtime":60},"_runtime":60.0880015,"test_accuracy":0.1,"training_loss":2.306807681363941,"_timestamp":1.7420692964299724e+09,"validation_accuracy":0.1,"_step":5,"validation loss":2.304814418447479,"epoch":5}