{"epoch":10,"validation loss":2.2450918236727397,"validation_accuracy":0.32366666666666666,"test_accuracy":0.3184,"training_loss":2.3024927201962497,"_runtime":22.8694648,"_step":10,"_wandb":{"runtime":22},"_timestamp":1.742199251450628e+09}