{"test_accuracy":0.2212,"_wandb":{"runtime":11},"training_loss":2.075217516731903,"validation_accuracy":0.22305882352941175,"_timestamp":1.7415540290621066e+09,"_runtime":11.8671406,"_step":10,"epoch":10}