{"Epoch":10,"_wandb":{"runtime":27},"Train Accuracy":0.10011764705882353,"Validation Accuracy":0.09933333333333333,"Test Accuracy":0.1,"_timestamp":1.7413576002721915e+09,"_runtime":27.7010308,"_step":9}