{"_wandb":{"runtime":55},"_runtime":55.112264,"validation_accuracy":0.0995,"_step":10,"test_accuracy":0.1,"validation loss":2.299741918303517,"_timestamp":1.7421417730586324e+09,"epoch":10,"training_loss":2.5991051251992734}