{"validation loss":0.3045769869529447,"_wandb":{"runtime":96},"validation_accuracy":0.8848333333333334,"test_accuracy":0.8813,"epoch":10,"training_loss":0.2538898975838386,"_timestamp":1.7421419550035868e+09,"_step":10,"_runtime":96.4354343}