{"_wandb":{"runtime":20},"_timestamp":1.7420660334521697e+09,"validation loss":0.45499822511226723,"validation_accuracy":0.838,"_runtime":20.0247742,"test_accuracy":0.8329,"epoch":10,"training_loss":0.4991955658500447,"_step":10}