{"training_loss":0.2055153225112277,"validation_accuracy":0.8935555555555555,"_timestamp":1.7415452553711047e+09,"_runtime":67.3017796,"_step":19,"epoch":20,"_wandb":{"runtime":67}}