{"validation_accuracy":0.0995,"training_loss":2.581920761658478,"validation loss":2.3026777784198784,"_runtime":12.930637,"epoch":5,"_timestamp":1.7415967797754996e+09,"_step":5,"test_accuracy":0.1,"_wandb":{"runtime":12}}