{"_wandb":{"runtime":13},"_runtime":13.6844901,"_step":10,"training_loss":2.3335589340552003,"test_accuracy":0.3129,"validation loss":2.279624678997613,"_timestamp":1.7422047127484965e+09,"epoch":10,"validation_accuracy":0.31616666666666665}