{"validation loss":2.3026092607061237,"_runtime":11.9673624,"epoch":5,"_step":5,"training_loss":2.3066959939231633,"test_accuracy":0.1,"validation_accuracy":0.10133333333333333,"_timestamp":1.7420692232473342e+09,"_wandb":{"runtime":12}}