{"validation_accuracy":0.7497777777777778,"_timestamp":1.7415501571906884e+09,"_runtime":18.4075156,"_step":9,"epoch":10,"training_loss":0.7388486765182808,"_wandb":{"runtime":18}}