{"epoch":10,"validation_accuracy":0.5886666666666667,"validation loss":1.106870743217697,"training_loss":1.2338384229171804,"_timestamp":1.741596070881043e+09,"_runtime":29.2658528,"_step":10,"_wandb":{"runtime":29},"test_accuracy":0.5944}