{"_wandb":{"runtime":29},"validation loss":2.344713701414525,"_runtime":29.0274419,"_timestamp":1.7415975960824935e+09,"epoch":5,"test_accuracy":0.1,"validation_accuracy":0.09766666666666667,"_step":5,"training_loss":9.324245568028765}