{"_step":10,"epoch":10,"training_loss":2.302565978499114,"test_accuracy":0.1,"_wandb":{"runtime":12},"validation_accuracy":0.09945098039215686,"_timestamp":1.7415536800055006e+09,"_runtime":12.2103241}