{"_wandb":{"runtime":4175},"_step":40,"validation_accuracy":0.4191666666666667,"validation loss":0.33337705952435676,"training_loss":0.3427171888050416,"test_accuracy":0.4137,"_timestamp":1.7421119067434478e+09,"_runtime":4175.772215,"epoch":40}