{"validation loss":2.30261750815365,"_step":10,"test_accuracy":0.1,"_wandb":{"runtime":90},"epoch":10,"validation_accuracy":0.0995,"_timestamp":1.742069773309669e+09,"_runtime":90.5583584,"training_loss":2.3026972184238246}