{"epoch":10,"test_accuracy":0.8767,"validation_accuracy":0.8816666666666667,"_runtime":62.3600118,"_step":10,"_timestamp":1.7421412795138564e+09,"_wandb":{"runtime":62},"training_loss":0.2815306387369979,"validation loss":0.31899116400933514}