{"_timestamp":1.742134638173285e+09,"validation_accuracy":0.8718333333333333,"_wandb":{"runtime":57},"test_accuracy":0.8656,"validation loss":0.42694463804726085,"_step":10,"training_loss":0.38904358700978425,"_runtime":57.6247145,"epoch":10}