{"training_loss":2.3034290859122315,"validation loss":2.302672340371478,"epoch":10,"_wandb":{"runtime":24},"test_accuracy":0.1,"_step":10,"_runtime":24.3485381,"validation_accuracy":0.10116666666666667,"_timestamp":1.7422036506972046e+09}