{"_runtime":81.1235459,"validation_accuracy":0.026,"validation loss":2.3075438760318554,"_timestamp":1.7421977397160368e+09,"_wandb":{"runtime":81},"_step":10,"training_loss":2.310415996718127,"test_accuracy":0.027,"epoch":10}