{"_wandb":{"runtime":39},"epoch":10,"training_loss":0.4729919719571627,"validation_accuracy":0.8225882352941176,"_timestamp":1.7415528856221776e+09,"_runtime":39.0126725,"_step":9}