{"_runtime":1280.6674874,"training_loss":1.389465506046226,"epoch":40,"validation loss":1.3617491110064348,"_wandb":{"runtime":1280},"validation_accuracy":0.8651666666666666,"test_accuracy":0.8559,"_step":40,"_timestamp":1.7421077224896615e+09}