{"_runtime":30.1891161,"test_accuracy":0.8425,"validation loss":0.44309113084967444,"_timestamp":1.7422005822296925e+09,"_wandb":{"runtime":30},"validation_accuracy":0.8488333333333333,"epoch":5,"_step":5,"training_loss":0.41667872142059886}