{"epoch":10,"training_loss":0.3317558235608035,"validation_accuracy":0.8605,"validation loss":0.38947761407042736,"test_accuracy":0.8551,"_wandb":{"runtime":35},"_runtime":35.738904,"_timestamp":1.7421432350982063e+09,"_step":10}