{"epoch":10,"training_loss":0.5980419057500248,"validation_accuracy":0.8158333333333333,"test_accuracy":0.8154,"_step":10,"_wandb":{"runtime":15},"validation loss":0.5330872100364479,"_timestamp":1.7421998826155486e+09,"_runtime":15.0635558}