{"_timestamp":1.742066907631913e+09,"validation loss":2.299119814532413,"_wandb":{"runtime":18},"test_accuracy":0.1753,"training_loss":2.2992410225079216,"validation_accuracy":0.165,"_runtime":18.3273425,"epoch":10,"_step":10}