{"test_accuracy":0.8434,"_wandb":{"runtime":37},"_step":10,"epoch":10,"training_loss":0.37176898016964427,"validation_accuracy":0.8538823529411764,"_timestamp":1.7415538958455882e+09,"_runtime":37.9321204}