{"_runtime":22.9811555,"_wandb":{"runtime":23},"validation loss":0.4917332802693977,"_timestamp":1.7421405691037953e+09,"_step":10,"epoch":10,"validation_accuracy":0.8251666666666667,"training_loss":0.5900431879212801,"test_accuracy":0.8209}