{"_step":10,"_timestamp":1.7421394007857735e+09,"epoch":10,"_wandb":{"runtime":88},"validation loss":0.38772148775174037,"test_accuracy":0.8546,"training_loss":0.39810456406787814,"_runtime":88.7321764,"validation_accuracy":0.8595}