{"_wandb":{"runtime":111},"validation loss":0.3425675286821864,"training_loss":0.3307904825174726,"_runtime":111.9356909,"test_accuracy":0.8689,"validation_accuracy":0.8746666666666667,"_timestamp":1.7420665564041092e+09,"_step":5,"epoch":5}