{"epoch":10,"_runtime":66.3785501,"validation_accuracy":0.0995,"_wandb":{"runtime":66},"validation loss":2.3026017154853426,"_step":10,"test_accuracy":0.1,"_timestamp":1.7422057917377415e+09,"training_loss":2.3133458340268525}