{"_runtime":30.2082563,"_timestamp":1.7421390610459006e+09,"validation_accuracy":0.8388333333333333,"_step":10,"epoch":10,"training_loss":0.6249913409925979,"_wandb":{"runtime":30},"validation loss":0.4703022834206467,"test_accuracy":0.8299}