{"_timestamp":1.7415538046359613e+09,"_runtime":10.1598894,"test_accuracy":0.095,"_wandb":{"runtime":10},"_step":5,"epoch":5,"training_loss":2.305105590135362,"validation_accuracy":0.09501960784313726}