{"test_accuracy":0.1,"_runtime":148.0001609,"epoch":10,"_wandb":{"runtime":148},"training_loss":2.3032173229393686,"_timestamp":1.7421968930654879e+09,"_step":10,"validation loss":2.3029300361285636,"validation_accuracy":0.1}