{"validation_accuracy":0.10133333333333333,"_step":5,"_wandb":{"runtime":54},"epoch":5,"training_loss":2.3041899955350194,"_timestamp":1.7420649268279164e+09,"_runtime":54.3091748,"validation loss":2.302966186238199,"test_accuracy":0.1}