{"_runtime":7.7263777000000005,"_step":5,"epoch":5,"training_loss":2.313844161763913,"validation_accuracy":0.09968627450980393,"test_accuracy":0.1,"_wandb":{"runtime":7},"_timestamp":1.7415541095238426e+09}