{"validation_accuracy":0.3903333333333333,"validation loss":3.5136895917400306,"epoch":5,"_runtime":11.8808434,"_timestamp":1.7421977919093654e+09,"training_loss":4.225664212874689,"test_accuracy":0.3897,"_step":5,"_wandb":{"runtime":11}}