{"validation_accuracy":0.877,"_step":10,"training_loss":0.36063200023054026,"test_accuracy":0.872,"_runtime":14.3097211,"validation loss":0.3318648620346902,"epoch":10,"_timestamp":1.7415969455896869e+09,"_wandb":{"runtime":14}}