{"training_loss":2.303753216080674,"validation_accuracy":0.0995,"epoch":10,"_wandb":{"runtime":63},"_runtime":63.5818944,"_step":10,"_timestamp":1.742140021080359e+09,"test_accuracy":0.1,"validation loss":2.3036126237574437}