{"validation_accuracy":0.09766666666666667,"validation loss":2.302612465075571,"_step":10,"epoch":10,"test_accuracy":0.1,"training_loss":2.30265163632868,"_timestamp":1.7422062530746078e+09,"_wandb":{"runtime":20},"_runtime":20.1277617}