{"training_loss":0.5258325373381948,"validation_accuracy":0.884,"_wandb":{"runtime":3028},"validation loss":0.5653876872088369,"_step":30,"epoch":30,"_runtime":3028.1609282,"test_accuracy":0.8809,"_timestamp":1.7421177257813396e+09}