{"epoch":10,"_timestamp":1.7421418513824098e+09,"validation loss":0.3904449720484519,"validation_accuracy":0.8621666666666666,"_runtime":72.9525262,"training_loss":0.5279426279452464,"_step":10,"_wandb":{"runtime":73},"test_accuracy":0.8524}