{"validation loss":2.3026284200631673,"epoch":10,"validation_accuracy":0.0995,"test_accuracy":0.1,"_runtime":81.7903804,"_step":10,"_timestamp":1.7422048995424607e+09,"_wandb":{"runtime":81},"training_loss":2.3027817875033847}