{"_runtime":9.1717059,"_step":4,"_wandb":{"runtime":9},"epoch":5,"training_loss":2.6380883645624773,"validation_accuracy":0.10025490196078432,"_timestamp":1.7415527705002084e+09}