{"_wandb":{"runtime":39},"epoch":5,"_timestamp":1.7421991357722106e+09,"validation_accuracy":0.09766666666666667,"training_loss":2.3026873766137794,"_step":5,"validation loss":2.3027720963458433,"_runtime":39.4233493,"test_accuracy":0.1}