{"_timestamp":1.7415983342640264e+09,"_runtime":7.6359625,"training_loss":0.48409978428535255,"test_accuracy":0.8413,"_step":5,"epoch":5,"_wandb":{"runtime":7},"validation_accuracy":0.8496666666666667,"validation loss":0.4279175335264049}