{"test_accuracy":0.1284,"training_loss":2.301304408032892,"_step":10,"epoch":10,"_timestamp":1.742069582000931e+09,"validation_accuracy":0.1285,"validation loss":2.3008231829248187,"_runtime":10.4963616,"_wandb":{"runtime":10}}