{"_step":10,"validation_accuracy":0.22416666666666665,"_runtime":29.339040699999998,"test_accuracy":0.2223,"epoch":10,"_wandb":{"runtime":29},"_timestamp":1.7422014687107882e+09,"validation loss":2.2920642177376553,"training_loss":2.294662087291028}