{"epoch":10,"test_accuracy":0.1,"validation_accuracy":0.1,"_wandb":{"runtime":31},"training_loss":2.37334887389082,"_timestamp":1.7422064727872689e+09,"validation loss":2.3043727508012557,"_step":10,"_runtime":31.8024037}