{"_runtime":49.9881393,"_timestamp":1.7420667483513558e+09,"epoch":10,"test_accuracy":0.8564,"validation loss":0.3733104049949365,"_wandb":{"runtime":50},"training_loss":0.3562963670549429,"_step":10,"validation_accuracy":0.8665}