{"validation_accuracy":0.7506666666666667,"_runtime":22.0900345,"validation loss":0.6939266696080185,"epoch":5,"test_accuracy":0.7477,"_timestamp":1.7420673042580779e+09,"_wandb":{"runtime":22},"training_loss":0.7627509177297728,"_step":5}