{"validation loss":2.4108757021823477,"validation_accuracy":0.10025490196078432,"epoch":10,"_timestamp":1.7415666385975502e+09,"test_accuracy":0.1,"_step":10,"training_loss":2.418159954395999,"_wandb":{"runtime":17},"_runtime":17.4108007}