{"test_accuracy":0.1,"_step":10,"_wandb":{"runtime":10},"validation loss":2.30261739105007,"_timestamp":1.742067605027062e+09,"_runtime":10.6041174,"training_loss":2.327432756432529,"validation_accuracy":0.09766666666666667,"epoch":10}