{"validation loss":0.3719448048511276,"_wandb":{"runtime":22},"epoch":10,"training_loss":0.46745391522536944,"validation_accuracy":0.8636666666666667,"test_accuracy":0.8574,"_runtime":22.1855461,"_step":10,"_timestamp":1.7421434940123656e+09}