{"validation loss":2.305952017768576,"_timestamp":1.7420691793468595e+09,"test_accuracy":0.1,"training_loss":2.3736122769773536,"_wandb":{"runtime":11},"_step":5,"validation_accuracy":0.0985,"epoch":5,"_runtime":11.390865}