{"epoch":10,"_runtime":35.7882051,"test_accuracy":0.8047,"_wandb":{"runtime":35},"_timestamp":1.742139104134025e+09,"training_loss":0.7330109493634035,"_step":10,"validation_accuracy":0.8105,"validation loss":0.5480784291519131}