{"validation loss":2.302641262703668,"_wandb":{"runtime":27},"_step":5,"training_loss":2.447905406594833,"_runtime":27.6315697,"epoch":5,"validation_accuracy":0.10116666666666667,"_timestamp":1.7422021308686798e+09,"test_accuracy":0.1}