{"_runtime":8.0330417,"_step":5,"validation loss":2.2129937916045606,"test_accuracy":0.2277,"_wandb":{"runtime":8},"training_loss":2.252723401061296,"_timestamp":1.7415979095504293e+09,"epoch":5,"validation_accuracy":0.229}