{"_wandb":{"runtime":36},"training_loss":0.3524716432384006,"validation_accuracy":0.8704444444444445,"_timestamp":1.7415456132158148e+09,"_runtime":36.8747639,"_step":29,"epoch":30}