{"_step":5,"training_loss":2.3039346318745153,"validation_accuracy":0.0995,"epoch":5,"test_accuracy":0.1,"_wandb":{"runtime":31},"validation loss":2.3049134290303774,"_runtime":31.4672738,"_timestamp":1.742197828137671e+09}