{"_step":5,"validation_accuracy":0.10233333333333333,"_wandb":{"runtime":45},"training_loss":2.462541689912097,"validation loss":2.3028285746704227,"_timestamp":1.7415980113249652e+09,"test_accuracy":0.1,"_runtime":45.6072299,"epoch":5}