{"validation_accuracy":0.8753333333333333,"_timestamp":1.7421457343278878e+09,"test_accuracy":0.8665,"epoch":10,"_wandb":{"runtime":36},"training_loss":0.4323003563536927,"validation loss":0.3439572325300616,"_runtime":36.5777311,"_step":10}