{"validation_accuracy":0.7497777777777778,"_timestamp":1.7420594013711817e+09,"_runtime":14.5158769,"_step":9,"_wandb":{"runtime":14},"epoch":10,"training_loss":0.7388486765182808}