{"_wandb":{"runtime":22},"validation loss":2.3026051780745744,"_step":10,"validation_accuracy":0.10133333333333333,"_timestamp":1.742205352614893e+09,"_runtime":22.1445699,"test_accuracy":0.1,"training_loss":2.302644415306003,"epoch":10}