{"_step":10,"epoch":10,"_runtime":86.2776186,"_wandb":{"runtime":86},"validation loss":0.3689977660912504,"_timestamp":1.742141613526925e+09,"training_loss":0.28729401792856557,"validation_accuracy":0.8663333333333333,"test_accuracy":0.861}