{"test_accuracy":0.8235,"_wandb":{"runtime":8},"epoch":10,"training_loss":0.432354957886326,"validation_accuracy":0.834,"_timestamp":1.7415536340723987e+09,"_runtime":8.939517200000001,"_step":10}