{"_timestamp":1.7421395446793041e+09,"validation_accuracy":0.8735,"_runtime":68.5640821,"test_accuracy":0.8657,"_step":10,"training_loss":0.29564665144410335,"epoch":10,"_wandb":{"runtime":68},"validation loss":0.3481889219222678}