{"validation_accuracy":0.8713333333333333,"_timestamp":1.7422030257821186e+09,"test_accuracy":0.865,"_step":5,"_wandb":{"runtime":19},"training_loss":0.4354643392443693,"_runtime":19.7270677,"epoch":5,"validation loss":0.3373712979499467}