{"_wandb":{"runtime":7},"_timestamp":1.742067761291323e+09,"validation loss":2.3025552442117427,"validation_accuracy":0.10116666666666667,"_step":5,"_runtime":7.9301003,"training_loss":4.261390542430064,"epoch":5,"test_accuracy":0.1}