{"_runtime":19.8224745,"_wandb":{"runtime":19},"validation loss":2.302695483630644,"_timestamp":1.7415966440270333e+09,"epoch":5,"training_loss":2.324191421761992,"_step":5,"validation_accuracy":0.10133333333333333,"test_accuracy":0.1}