{"_step":10,"_runtime":41.5285364,"epoch":10,"_wandb":{"runtime":41},"_timestamp":1.7415970841077576e+09,"validation_accuracy":0.8665,"validation loss":0.3793951262184531,"training_loss":0.37406854812434115,"test_accuracy":0.8573}