{"training_loss":31.909332618444083,"_runtime":22.5067798,"validation loss":2.3042320725621135,"validation_accuracy":0.0985,"test_accuracy":0.1,"_step":10,"epoch":10,"_wandb":{"runtime":22},"_timestamp":1.7420687929835618e+09}