{"test_accuracy":0.216,"validation_accuracy":0.21283333333333335,"_runtime":4274.339872,"_step":40,"training_loss":71.1481219382011,"_wandb":{"runtime":4274},"epoch":40,"validation loss":72.43250554191079,"_timestamp":1.7420922250766602e+09}