{"_runtime":12.7480649,"_step":5,"epoch":5,"training_loss":1.918028918225702,"validation_accuracy":0.4340588235294118,"test_accuracy":0.4285,"_wandb":{"runtime":12},"_timestamp":1.7415540092305043e+09}