{"test_accuracy":0.8423,"_wandb":{"runtime":171},"_step":10,"training_loss":0.46443676386115673,"validation_accuracy":0.8455,"_timestamp":1.7420679405688407e+09,"epoch":10,"_runtime":171.2276936,"validation loss":0.40901238506847887}