{"validation_accuracy":0.10116666666666667,"_step":10,"_wandb":{"runtime":26},"epoch":10,"validation loss":2.302597006468284,"training_loss":2.3031668439788526,"test_accuracy":0.1,"_runtime":26.4074907,"_timestamp":1.7421998294466121e+09}