{"_wandb":{"runtime":29},"_timestamp":1.742196927937734e+09,"_runtime":29.1895278,"validation_accuracy":0.8103333333333333,"_step":10,"validation loss":0.536243207664297,"training_loss":0.6001370460190586,"test_accuracy":0.8086,"epoch":10}