{"training_loss":2.3027362598130288,"_wandb":{"runtime":32},"_step":5,"_runtime":32.4255143,"epoch":5,"validation loss":2.302580007705594,"_timestamp":1.7422056985175118e+09,"test_accuracy":0.1,"validation_accuracy":0.10116666666666667}