{"test_accuracy":0.1,"training_loss":2.3055179655983653,"_runtime":14.3170642,"validation loss":2.3031404428431883,"_timestamp":1.7422047343403945e+09,"_wandb":{"runtime":14},"validation_accuracy":0.10133333333333333,"_step":10,"epoch":10}