{"epoch":10,"validation_accuracy":0.10133333333333333,"validation loss":2.302739539907374,"_step":10,"test_accuracy":0.1,"_timestamp":1.7420690742384355e+09,"_wandb":{"runtime":23},"_runtime":23.1831192,"training_loss":2.3036232478338867}