{"validation_accuracy":0.6965,"_timestamp":1.7415970021870902e+09,"epoch":5,"training_loss":1.0821621766366982,"_step":5,"validation loss":0.9027909891345156,"test_accuracy":0.7024,"_wandb":{"runtime":12},"_runtime":12.4650402}