{"validation_accuracy":0.8773333333333333,"test_accuracy":0.8722,"epoch":10,"validation loss":0.32682267719413166,"_timestamp":1.742140176150678e+09,"_runtime":59.4562653,"_wandb":{"runtime":59},"training_loss":0.4596906646950741,"_step":10}