{"_runtime":12.2942177,"epoch":5,"_wandb":{"runtime":12},"training_loss":2.3065121255559107,"_timestamp":1.7422020779294243e+09,"test_accuracy":0.3373,"validation loss":2.245067168780772,"_step":5,"validation_accuracy":0.3396666666666667}