{"_runtime":37.9817193,"test_accuracy":0.1,"_step":5,"validation loss":2.302606641165604,"_timestamp":1.7420666079011574e+09,"_wandb":{"runtime":38},"epoch":5,"validation_accuracy":0.10133333333333333,"training_loss":2.3027425600615445}