{"epoch":10,"_wandb":{"runtime":23},"validation loss":0.3584575881350917,"_runtime":23.3610723,"training_loss":0.4287891126926176,"_timestamp":1.7422043816699758e+09,"validation_accuracy":0.8735,"test_accuracy":0.8621,"_step":10}