{"_step":5,"validation loss":2.3993678115211337,"epoch":5,"test_accuracy":0.1,"_timestamp":1.7422040673643532e+09,"_runtime":6.1544815,"training_loss":25.966585065927884,"_wandb":{"runtime":6},"validation_accuracy":0.1}