{"test_accuracy":0.1,"_step":5,"training_loss":5.334852103384072,"_timestamp":1.7422005395949044e+09,"validation loss":2.302610534519099,"_wandb":{"runtime":19},"_runtime":19.2623413,"epoch":5,"validation_accuracy":0.09766666666666667}