{"_step":5,"validation_accuracy":0.10133333333333333,"_wandb":{"runtime":17},"_timestamp":1.7415974260763953e+09,"training_loss":2.356011344253514,"test_accuracy":0.1,"validation loss":2.3026100041681254,"_runtime":17.3831544,"epoch":5}