{"validation_accuracy":0.8927777777777778,"_timestamp":1.7420596606952043e+09,"_runtime":72.9598478,"_wandb":{"runtime":72},"_step":24,"epoch":25,"training_loss":0.1843650955261165}