{"_step":4,"_wandb":{"runtime":7},"epoch":5,"training_loss":2.230653920496093,"validation_accuracy":0.2846666666666667,"_timestamp":1.7415524707685478e+09,"_runtime":7.5648999}