{"_step":10,"epoch":10,"_timestamp":1.7421405398984733e+09,"_wandb":{"runtime":105},"training_loss":0.2538204981455545,"validation_accuracy":0.8841666666666667,"validation loss":0.3231169497104704,"test_accuracy":0.876,"_runtime":105.160542}