{"epoch":10,"_timestamp":1.742144342881203e+09,"_wandb":{"runtime":33},"_runtime":33.5937583,"training_loss":0.5325796348878471,"_step":10,"validation_accuracy":0.8528333333333333,"test_accuracy":0.8455,"validation loss":0.3996795428451606}