{"test_accuracy":0.1,"validation loss":2.30260850319942,"training_loss":2.302656026327959,"_runtime":19.6474273,"_timestamp":1.7420676297722218e+09,"validation_accuracy":0.10133333333333333,"_wandb":{"runtime":19},"epoch":5,"_step":5}