{"epoch":5,"_step":5,"training_loss":2.339491398502173,"_wandb":{"runtime":175},"test_accuracy":0.1,"validation_accuracy":0.09766666666666667,"validation loss":2.3026065757214744,"_timestamp":1.741596280825437e+09,"_runtime":175.5734721}