{"validation_accuracy":0.09766666666666667,"validation loss":NaN,"_timestamp":1.7415974053089046e+09,"_runtime":13.3323994,"epoch":5,"training_loss":NaN,"test_accuracy":0.1,"_step":5,"_wandb":{"runtime":13}}