{"test_accuracy":0.8211,"_wandb":{"runtime":23},"validation_accuracy":0.8341960784313726,"_timestamp":1.7415539544121623e+09,"_runtime":23.5005862,"_step":10,"epoch":10,"training_loss":0.46620345758868037}