{"_wandb":{"runtime":30},"_step":10,"epoch":10,"validation_accuracy":0.10116666666666667,"test_accuracy":0.1,"training_loss":2.3027815736182653,"_timestamp":1.7421970896431603e+09,"validation loss":2.3026053869137013,"_runtime":30.4665105}