{"_step":10,"_wandb":{"runtime":170},"validation_accuracy":0.8763333333333333,"_timestamp":1.7421450352042089e+09,"validation loss":0.3447834505334876,"_runtime":170.0865716,"epoch":10,"training_loss":0.27262795247135246,"test_accuracy":0.8665}