{"validation_accuracy":0.10116666666666667,"test_accuracy":0.1,"validation loss":2.302606618142486,"epoch":10,"_wandb":{"runtime":60},"training_loss":2.302645216192475,"_step":10,"_timestamp":1.7421997904181767e+09,"_runtime":60.5372673}