{"validation_accuracy":0.1,"_runtime":9.9407144,"_step":5,"validation loss":2.3034757314517518,"epoch":5,"training_loss":2.3032024674506566,"_timestamp":1.742203424531325e+09,"test_accuracy":0.1,"_wandb":{"runtime":9}}