{"validation loss":0.4129318863232369,"_timestamp":1.7420696501882174e+09,"validation_accuracy":0.8535,"epoch":5,"test_accuracy":0.8425,"training_loss":0.5754990046364494,"_wandb":{"runtime":9},"_runtime":9.4746894,"_step":5}