{"test_accuracy":0.7992,"_step":5,"epoch":5,"validation loss":0.57068012084097,"_runtime":16.8749874,"_wandb":{"runtime":16},"training_loss":0.6809207256434884,"validation_accuracy":0.7998333333333333,"_timestamp":1.7420655771791902e+09}