{"validation_accuracy":0.2725,"_runtime":182.272128,"_step":10,"test_accuracy":0.2774,"validation loss":28.981907629963242,"epoch":10,"_timestamp":1.7421973525596695e+09,"_wandb":{"runtime":182},"training_loss":27.325186920106425}