{"training_loss":0.6281675112177647,"validation_accuracy":0.7743333333333333,"_timestamp":1.7415454758785203e+09,"_runtime":40.1092792,"_wandb":{"runtime":40},"_step":29,"epoch":30}