{"epoch":5,"training_loss":2.309756783198763,"validation_accuracy":0.09945098039215686,"_timestamp":1.7415541491086044e+09,"_runtime":26.5136134,"_step":5,"test_accuracy":0.1,"_wandb":{"runtime":26}}