{"validation_accuracy":0.8811666666666667,"epoch":10,"_step":10,"_wandb":{"runtime":38},"_timestamp":1.7421384976731455e+09,"validation loss":0.32541383176483074,"training_loss":0.26814339968224177,"test_accuracy":0.8759,"_runtime":38.7467541}