{"epoch":40,"_step":40,"test_accuracy":0.8686,"validation loss":0.08973503048386419,"validation_accuracy":0.8721666666666666,"_wandb":{"runtime":2288},"training_loss":0.07783519249078655,"_timestamp":1.742086123495772e+09,"_runtime":2288.0746043}