{"_timestamp":1.7415539904506426e+09,"_runtime":15.8015965,"test_accuracy":0.5192,"_wandb":{"runtime":15},"_step":10,"epoch":10,"training_loss":1.5153465379500546,"validation_accuracy":0.5222941176470588}