{"epoch":10,"_wandb":{"runtime":88},"_timestamp":1.7421976519692292e+09,"training_loss":3.669496628705877,"_runtime":88.9169949,"_step":10,"validation_accuracy":0.8373333333333334,"validation loss":3.8876580496216775,"test_accuracy":0.832}