{"test_accuracy":0.1107,"_wandb":{"runtime":12},"epoch":10,"training_loss":2.266587354628587,"validation_accuracy":0.11670588235294117,"_timestamp":1.7415537586390994e+09,"_runtime":11.9956194,"_step":10}