{"_step":10,"validation_accuracy":0.8718333333333333,"validation loss":0.42694463804726085,"_runtime":36.6546884,"test_accuracy":0.8656,"_timestamp":1.7421368991467965e+09,"_wandb":{"runtime":36},"training_loss":0.38904358700978425,"epoch":10}