{"epoch":5,"training_loss":0.6517983820935446,"_wandb":{"runtime":8},"validation_accuracy":0.7671372549019608,"_timestamp":1.7415528386684153e+09,"_runtime":8.0373583,"_step":4}