{"_runtime":32.3498004,"_step":10,"test_accuracy":0.8599,"training_loss":0.42855019559227364,"validation loss":0.37188148841247753,"_wandb":{"runtime":32},"_timestamp":1.7421394402350006e+09,"validation_accuracy":0.8656666666666667,"epoch":10}