{"test_accuracy":0.8226,"_wandb":{"runtime":7},"epoch":10,"training_loss":0.37544411140396655,"validation_accuracy":0.8363725490196079,"_timestamp":1.7415543645741186e+09,"_runtime":7.4768095,"_step":10}