{"validation_accuracy":0.10133333333333333,"_step":10,"training_loss":2.3032939729579045,"test_accuracy":0.1,"_timestamp":1.7420688157159698e+09,"validation loss":2.3027255309928156,"_runtime":19.225853,"epoch":10,"_wandb":{"runtime":19}}