{"validation loss":0.3546714890185924,"epoch":5,"validation_accuracy":0.8686666666666667,"training_loss":0.3265081094555051,"_step":5,"_wandb":{"runtime":22},"_runtime":22.8488775,"_timestamp":1.7422006175953395e+09,"test_accuracy":0.8603}