{"validation_accuracy":0.8631666666666666,"validation loss":0.3702189433115655,"_wandb":{"runtime":19},"training_loss":0.2738702741735639,"epoch":10,"_runtime":19.4826852,"test_accuracy":0.8576,"_timestamp":1.7415981294847434e+09,"_step":10}