{"epoch":10,"validation_accuracy":0.8388333333333333,"test_accuracy":0.8299,"validation loss":0.4703022834206467,"_wandb":{"runtime":31},"training_loss":0.6249913409925979,"_runtime":31.96003,"_step":10,"_timestamp":1.742141366285177e+09}