{"training_loss":2.6685308678472626,"_wandb":{"runtime":30},"test_accuracy":0.1,"_runtime":30.7326257,"_step":10,"validation_accuracy":0.0995,"validation loss":2.302695461525415,"_timestamp":1.7415977688143725e+09,"epoch":10}