{"validation_accuracy":0.8598333333333333,"training_loss":0.3575263332283522,"epoch":10,"_runtime":22.3516336,"test_accuracy":0.8535,"_wandb":{"runtime":22},"_timestamp":1.7415961012129846e+09,"validation loss":0.40969067839821327,"_step":10}