{"validation_accuracy":0.8646666666666667,"validation loss":0.38276659668199614,"_runtime":28.6891214,"test_accuracy":0.8579,"epoch":10,"_step":10,"_timestamp":1.7415974680394945e+09,"_wandb":{"runtime":28},"training_loss":0.34844207194966437}