{"_wandb":{"runtime":24},"epoch":10,"training_loss":2.306121748930234,"validation_accuracy":0.09945098039215686,"_timestamp":1.7415537396723378e+09,"_runtime":24.675372199999998,"_step":10,"test_accuracy":0.1}