{"_step":29,"epoch":30,"training_loss":0.3041012684057314,"_wandb":{"runtime":37},"validation_accuracy":0.8804444444444445,"_timestamp":1.741545671027812e+09,"_runtime":37.4707357}