{"validation_accuracy":0.1001764705882353,"_timestamp":1.7415537895763447e+09,"_runtime":5.5862721,"test_accuracy":0.1,"_wandb":{"runtime":5},"_step":5,"epoch":5,"training_loss":2.3898178704065436}