{"test_accuracy":0.841,"_wandb":{"runtime":42},"_timestamp":1.7415543511446493e+09,"_runtime":42.0911387,"_step":10,"epoch":10,"training_loss":0.37244090409429753,"validation_accuracy":0.8512156862745098}