{"test_accuracy":0.8539,"_runtime":94.7974182,"_step":10,"epoch":10,"_timestamp":1.742136856704291e+09,"validation loss":0.3912337574388703,"_wandb":{"runtime":94},"training_loss":0.33262958459718994,"validation_accuracy":0.8598333333333333}