{"test_accuracy":0.8227,"validation_accuracy":0.8281666666666667,"validation loss":0.47960992024213117,"_timestamp":1.7421433922624474e+09,"training_loss":0.6602886028829106,"_runtime":37.1661247,"_wandb":{"runtime":37},"epoch":10,"_step":10}