{"test_accuracy":0.3315,"_timestamp":1.7420644952433002e+09,"_runtime":15.0923379,"_wandb":{"runtime":15},"_step":0}