{"training_loss":0.33917856779653743,"_timestamp":1.7421380410643823e+09,"validation loss":0.3568636316582727,"validation_accuracy":0.8698333333333333,"_runtime":41.5399167,"_step":10,"test_accuracy":0.8618,"epoch":10,"_wandb":{"runtime":41}}