{"_runtime":41.9228523,"_step":29,"_wandb":{"runtime":41},"epoch":30,"training_loss":0.18571167988773704,"validation_accuracy":0.8927777777777778,"_timestamp":1.741545789716992e+09}