{"_wandb":{"runtime":12},"_step":5,"_timestamp":1.7422000287737937e+09,"validation loss":2.307034089897792,"_runtime":12.7683166,"epoch":5,"training_loss":2.3117833092784177,"validation_accuracy":0.10116666666666667,"test_accuracy":0.1}