{"training_loss":1.696947361762996,"epoch":5,"_wandb":{"runtime":33},"validation_accuracy":0.6805,"_step":5,"_runtime":33.7425153,"test_accuracy":0.6709,"validation loss":1.7761289082212663,"_timestamp":1.7421969700848074e+09}