{"validation_accuracy":0.09916666666666667,"_runtime":26.8004884,"training_loss":2.3179592300841394,"test_accuracy":0.1014,"_wandb":{"runtime":26},"epoch":5,"_step":5,"validation loss":2.3021686479047787,"_timestamp":1.7415963387655494e+09}