{"_timestamp":1.7422007229329972e+09,"validation loss":2.24296403400351,"_step":10,"_runtime":19.2156826,"test_accuracy":0.3195,"epoch":10,"_wandb":{"runtime":19},"validation_accuracy":0.32516666666666666,"training_loss":2.2481572590140844}