{"test_accuracy":0.1,"_wandb":{"runtime":16},"_timestamp":1.742064615901563e+09,"_runtime":16.8026522,"_step":0}