{"_runtime":41.198017,"_timestamp":1.742144243837422e+09,"training_loss":0.35103593614058254,"_step":10,"_wandb":{"runtime":41},"epoch":10,"validation_accuracy":0.8638333333333333,"validation loss":0.36516780582101266,"test_accuracy":0.8601}