{"test_accuracy":0.8661,"_runtime":134.7806323,"validation loss":0.3595177771238248,"epoch":10,"validation_accuracy":0.8686666666666667,"training_loss":0.27093560679726814,"_step":10,"_wandb":{"runtime":134},"_timestamp":1.742144519390432e+09}