{"training_loss":1.9542354914281177,"_wandb":{"runtime":10},"_runtime":10.0448747,"_step":5,"validation loss":1.914642372248581,"validation_accuracy":0.3963333333333333,"test_accuracy":0.388,"epoch":5,"_timestamp":1.741598219179706e+09}