{"epoch":5,"_runtime":8.4190822,"_step":5,"_wandb":{"runtime":8},"_timestamp":1.7422031782125893e+09,"test_accuracy":0.8395,"validation loss":0.4345097177543834,"validation_accuracy":0.8458333333333333,"training_loss":0.4373474398221557}