{"epoch":5,"training_loss":2.4948254802119547,"_wandb":{"runtime":42},"test_accuracy":0.1,"validation_accuracy":0.10233333333333333,"validation loss":2.3029602736661166,"_timestamp":1.742199468718629e+09,"_runtime":42.0311068,"_step":5}