{"_timestamp":1.7420689338532705e+09,"_step":10,"_wandb":{"runtime":30},"validation loss":2.302936329728296,"epoch":10,"training_loss":2.303271628723955,"_runtime":30.7441364,"validation_accuracy":0.1,"test_accuracy":0.1}