{"epoch":10,"_timestamp":1.742201545910323e+09,"validation loss":0.3588347155237947,"validation_accuracy":0.8645,"_wandb":{"runtime":69},"_step":10,"training_loss":0.5863624854698706,"_runtime":69.174309,"test_accuracy":0.8554}