{"test_accuracy":0.1,"validation loss":2.3026096594579757,"training_loss":2.3033433585629655,"_runtime":12.2068849,"epoch":5,"_wandb":{"runtime":12},"validation_accuracy":0.10183333333333333,"_timestamp":1.7420697898022711e+09,"_step":5}