{"validation_accuracy":0.8635,"validation loss":0.36727241913557424,"test_accuracy":0.8529,"_runtime":21.2872447,"_step":5,"epoch":5,"training_loss":0.47205581795290236,"_timestamp":1.741597037327149e+09,"_wandb":{"runtime":21}}