{"_wandb":{"runtime":37},"epoch":30,"training_loss":0.4984034355109416,"validation_accuracy":0.8261111111111111,"_timestamp":1.741545563294077e+09,"_runtime":37.3030571,"_step":29}