{"_wandb":{"runtime":34},"_runtime":34.363669,"validation loss":0.3397596092706626,"epoch":10,"training_loss":0.3200038876931588,"_timestamp":1.742145507195008e+09,"test_accuracy":0.8641,"_step":10,"validation_accuracy":0.8736666666666667}