{"_wandb":{"runtime":67},"validation_accuracy":0.84,"epoch":10,"test_accuracy":0.836,"validation loss":0.4320215667337944,"_timestamp":1.7421434657575133e+09,"training_loss":0.7414699339249787,"_runtime":67.8004967,"_step":10}