{"_runtime":9300.4929852,"test_accuracy":0.2714,"validation_accuracy":0.2796666666666667,"validation loss":16726.400291011243,"epoch":30,"training_loss":16291.70444967456,"_wandb":{"runtime":9300},"_timestamp":1.7421275185918584e+09,"_step":30}