{"training_loss":2.296486069064021,"validation_accuracy":0.25333333333333335,"test_accuracy":0.2503,"epoch":10,"_runtime":48.1869738,"_wandb":{"runtime":48},"validation loss":2.2958797726229987,"_timestamp":1.7415985816109564e+09,"_step":10}