{"_step":5,"validation_accuracy":0.30416666666666664,"epoch":5,"test_accuracy":0.3078,"_wandb":{"runtime":10},"training_loss":2.1777237840526107,"validation loss":1.9041734137227249,"_runtime":10.4009595,"_timestamp":1.7415980549872627e+09}