{"_runtime":17.992705,"_step":5,"validation loss":2.3026065178557857,"test_accuracy":0.1,"_wandb":{"runtime":18},"epoch":5,"training_loss":2.3026258129672676,"validation_accuracy":0.10116666666666667,"_timestamp":1.7420663812080696e+09}