{"_step":10,"validation_accuracy":0.8185,"validation loss":0.506039697580372,"_runtime":61.491293,"test_accuracy":0.8095,"_timestamp":1.7415960343253808e+09,"epoch":10,"training_loss":0.4962895274006582,"_wandb":{"runtime":61}}