{"_runtime":28.2383838,"test_accuracy":0.1,"validation_accuracy":0.09766666666666667,"_wandb":{"runtime":28},"_timestamp":1.7415983233351338e+09,"_step":10,"training_loss":2.3114600515648758,"validation loss":2.3026122501376247,"epoch":10}