{"_wandb":{"runtime":80},"validation_accuracy":0.0995,"test_accuracy":0.1,"_timestamp":1.7421372605017664e+09,"training_loss":2.303753216080674,"epoch":10,"validation loss":2.3036126237574437,"_runtime":80.031859,"_step":10}