{"_step":5,"training_loss":2.302869357738118,"_timestamp":1.7420654717484639e+09,"_runtime":114.2475567,"epoch":5,"test_accuracy":0.1,"validation loss":2.3027004630333603,"_wandb":{"runtime":114},"validation_accuracy":0.09766666666666667}