{"validation_accuracy":0.10233333333333333,"_step":10,"_wandb":{"runtime":36},"_timestamp":1.7415972591036868e+09,"test_accuracy":0.1,"_runtime":36.5789146,"training_loss":2.8393439447478612,"epoch":10,"validation loss":2.3170942552644385}