{"validation loss":2.3025792235447224,"_runtime":10.9107329,"test_accuracy":0.1,"_step":5,"validation_accuracy":0.1,"epoch":5,"_timestamp":1.7422039296504953e+09,"_wandb":{"runtime":10},"training_loss":6.0655995205493385}