{"_runtime":12.7832114,"_wandb":{"runtime":12},"_step":9,"epoch":10,"training_loss":0.3989499228816852,"validation_accuracy":0.8578888888888889,"_timestamp":1.7415501846200907e+09}