{"validation_accuracy":0.8745,"_wandb":{"runtime":45},"_runtime":45.7791237,"epoch":5,"test_accuracy":0.8665,"_timestamp":1.7420658939561162e+09,"_step":5,"training_loss":0.3188136985871337,"validation loss":0.33819960675650557}