{"_runtime":41.2147523,"_step":10,"training_loss":2.319459170737716,"epoch":10,"test_accuracy":0.4219,"_timestamp":1.742135590557632e+09,"_wandb":{"runtime":41},"validation loss":2.2110843586417293,"validation_accuracy":0.422}