{"validation_accuracy":0.09950980392156862,"_timestamp":1.7415529175355146e+09,"_runtime":22.8775678,"_step":4,"epoch":5,"training_loss":2.3025149606946957,"_wandb":{"runtime":22}}