{"epoch":5,"validation loss":2.3029043515909082,"_step":5,"_wandb":{"runtime":29},"_timestamp":1.7422003603077178e+09,"training_loss":2.649619186691086,"test_accuracy":0.1,"validation_accuracy":0.1,"_runtime":29.6251547}