{"test_accuracy":0.7367,"epoch":40,"training_loss":0.21350003426238343,"validation_accuracy":0.7365,"_runtime":5046.5069812,"_step":40,"_wandb":{"runtime":5046},"validation loss":0.1992621942842708,"_timestamp":1.7421017292046423e+09}