{"_wandb":{"runtime":10},"validation_accuracy":0.10116666666666667,"validation loss":2.30690964324449,"test_accuracy":0.1,"_timestamp":1.742068897353578e+09,"epoch":5,"training_loss":2.3097338821396605,"_runtime":10.462983,"_step":5}