{"_wandb":{"runtime":19},"_timestamp":1.7422012424904885e+09,"_step":5,"validation loss":2.3005347905362923,"training_loss":2.4320579505198507,"_runtime":19.7594187,"epoch":5,"validation_accuracy":0.14983333333333335,"test_accuracy":0.1529}