{"epoch":5,"_wandb":{"runtime":17},"validation loss":2.4165021753008142,"test_accuracy":0.1,"_runtime":17.0816347,"_step":5,"_timestamp":1.7415976753632135e+09,"validation_accuracy":0.10233333333333333,"training_loss":14.024012376112179}