{"test_accuracy":0.877,"_wandb":{"runtime":69},"_runtime":69.8981342,"_timestamp":1.7421389253006163e+09,"training_loss":0.25971960679954176,"epoch":10,"_step":10,"validation_accuracy":0.8866666666666667,"validation loss":0.3107681353720471}