{"_wandb":{"runtime":40},"epoch":10,"validation_accuracy":0.838,"_step":10,"test_accuracy":0.832,"training_loss":0.6854818393560637,"_timestamp":1.742143682590374e+09,"validation loss":0.4923950961128453,"_runtime":40.3049137}