{"_wandb":{"runtime":6},"test_accuracy":0.1,"training_loss":2.3208868673031544e+142,"validation_accuracy":0.0995,"_timestamp":1.7415963920538304e+09,"validation loss":2.3026283588985383,"_step":5,"_runtime":6.7395917,"epoch":5}