{"validation_accuracy":0.09766666666666667,"epoch":5,"validation loss":2.3070920918813402,"test_accuracy":0.1,"training_loss":78.92682092240554,"_timestamp":1.7422020962992516e+09,"_step":5,"_wandb":{"runtime":14},"_runtime":14.4439026}