{"_step":10,"training_loss":2.4645583993030336,"epoch":10,"validation_accuracy":0.15133333333333332,"test_accuracy":0.1551,"validation loss":2.3022897082031553,"_runtime":36.7734109,"_timestamp":1.7421370306232994e+09,"_wandb":{"runtime":36}}