{"epoch":10,"validation_accuracy":0.8425,"_step":10,"_runtime":108.9760735,"validation loss":0.44658549176739265,"training_loss":0.6227290222300239,"_wandb":{"runtime":109},"_timestamp":1.7421354503658912e+09,"test_accuracy":0.836}