{"_step":10,"test_accuracy":0.1,"_wandb":{"runtime":16},"epoch":10,"training_loss":2.3026030814889404,"validation_accuracy":0.09945098039215686,"_timestamp":1.7415537092982988e+09,"_runtime":16.3071558}