{"_runtime":79.7331998,"training_loss":0.28557291319689376,"_step":10,"_timestamp":1.7421424096920128e+09,"test_accuracy":0.8704,"_wandb":{"runtime":79},"epoch":10,"validation_accuracy":0.8743333333333333,"validation loss":0.34665342560690854}