{"epoch":10,"training_loss":0.26818990864667897,"validation_accuracy":0.8543725490196078,"_timestamp":1.7415520586039548e+09,"_runtime":21.7799301,"_step":9,"_wandb":{"runtime":21}}