{"_step":5,"_wandb":{"runtime":9},"_timestamp":1.7422034077413146e+09,"_runtime":9.1248878,"validation_accuracy":0.5786666666666667,"training_loss":1.4265341465967236,"test_accuracy":0.5754,"epoch":5,"validation loss":1.195687817077622}