{"_wandb":{"runtime":5},"_runtime":5.6757878,"_step":5,"epoch":5,"training_loss":2.4393828594824405,"validation_accuracy":0.13156862745098039,"_timestamp":1.7415535980802755e+09,"test_accuracy":0.1309}