{"_timestamp":1.7415524580294197e+09,"_runtime":4.7352503,"_step":4,"epoch":5,"_wandb":{"runtime":4},"training_loss":1.4900268964699044,"validation_accuracy":0.700764705882353}