{"_runtime":9.416474000000001,"validation loss":0.676126537941219,"training_loss":0.6912176959073681,"epoch":5,"_wandb":{"runtime":9},"validation_accuracy":0.7746666666666666,"_timestamp":1.7420683239973516e+09,"_step":5,"test_accuracy":0.7671}