{"validation_accuracy":0.767,"_timestamp":1.7420595228055434e+09,"_runtime":93.1687176,"_step":24,"epoch":25,"_wandb":{"runtime":93},"training_loss":0.6977516693026472}