{"test_accuracy":0.7908,"epoch":10,"_timestamp":1.7422050463026803e+09,"training_loss":0.6006475769647013,"validation_accuracy":0.7945,"_step":10,"_runtime":11.991149,"_wandb":{"runtime":12},"validation loss":0.6072238835656724}