{"_wandb":{"runtime":23},"validation_accuracy":0.10233333333333333,"training_loss":2.3026997847787536,"_runtime":23.3516301,"_step":10,"epoch":10,"_timestamp":1.7422058227938468e+09,"validation loss":2.302621870275581,"test_accuracy":0.1}