{"_timestamp":1.7421979250480332e+09,"_wandb":{"runtime":27},"training_loss":3.183724495349578,"validation loss":2.6663300829863834,"test_accuracy":0.1326,"epoch":5,"_runtime":27.6015777,"validation_accuracy":0.14283333333333334,"_step":5}