{"epoch":5,"test_accuracy":0.1,"_wandb":{"runtime":7},"training_loss":2.302799907841501,"validation_accuracy":0.09945098039215686,"_timestamp":1.741554199455112e+09,"_runtime":7.7487863,"_step":5}