{"training_loss":0.6317207815825832,"epoch":5,"_wandb":{"runtime":35},"validation loss":0.6303498820234652,"_step":5,"test_accuracy":0.7666,"validation_accuracy":0.7711666666666667,"_runtime":35.3812854,"_timestamp":1.742202892858558e+09}