{"_step":10,"validation_accuracy":0.7001666666666667,"training_loss":1.2656542123645063,"epoch":10,"_timestamp":1.742198650418022e+09,"validation loss":1.1567035161770898,"_runtime":65.6696641,"test_accuracy":0.6949,"_wandb":{"runtime":65}}