{"validation loss":2.302653214357448,"training_loss":2.302810095788703,"_step":10,"test_accuracy":0.1,"validation_accuracy":0.0995,"_timestamp":1.7421967192571995e+09,"_wandb":{"runtime":154},"epoch":10,"_runtime":154.102092}