{"validation_accuracy":0.0985,"epoch":5,"training_loss":2.384307498562733,"_step":5,"_timestamp":1.7415980321912267e+09,"_runtime":13.1825151,"_wandb":{"runtime":13},"validation loss":2.3027139500023366,"test_accuracy":0.1}