{"test_accuracy":0.1,"_timestamp":1.7422036039233847e+09,"training_loss":2.302610908456972,"_step":10,"validation_accuracy":0.09766666666666667,"validation loss":2.3026099904302573,"_runtime":35.9173964,"_wandb":{"runtime":35},"epoch":10}