{"test_accuracy":0.8643,"validation loss":0.3647837214955836,"_wandb":{"runtime":29},"_runtime":29.1345319,"validation_accuracy":0.8685,"training_loss":0.44860617802484815,"_step":5,"epoch":5,"_timestamp":1.7422039148894856e+09}