{"validation_accuracy":0.7318333333333333,"epoch":5,"_wandb":{"runtime":19},"_step":5,"_timestamp":1.7421975346087534e+09,"validation loss":0.7877312262062923,"test_accuracy":0.7296,"training_loss":0.8546461742286999,"_runtime":19.1147672}