{"_runtime":5.4549744,"_step":5,"test_accuracy":0.8308,"_wandb":{"runtime":5},"epoch":5,"training_loss":0.4238171975092129,"validation_accuracy":0.8433725490196079,"_timestamp":1.7415536618940651e+09}