{"training_loss":2.3035525495088596,"_wandb":{"runtime":34},"validation loss":2.3042547144259826,"_step":10,"test_accuracy":0.1,"validation_accuracy":0.1,"epoch":10,"_runtime":34.2631694,"_timestamp":1.7421371715378942e+09}