{"_runtime":34.279301,"test_accuracy":0.6653,"_wandb":{"runtime":34},"validation loss":1.0251635914069788,"validation_accuracy":0.6773333333333333,"_step":10,"_timestamp":1.742203465032538e+09,"epoch":10,"training_loss":1.1253246857474402}