{"validation_accuracy":0.40016666666666667,"validation loss":2.8940248581291264,"_step":5,"_runtime":33.096713,"training_loss":2.6834601269723444,"test_accuracy":0.3901,"_wandb":{"runtime":33},"epoch":5,"_timestamp":1.7421971283924556e+09}