{"_runtime":32.9685656,"_step":5,"validation_accuracy":0.10116666666666667,"validation loss":2.302546886691154,"_timestamp":1.7421988948283262e+09,"test_accuracy":0.1,"training_loss":2.3029389793876924,"_wandb":{"runtime":33},"epoch":5}