{"_timestamp":1.741551935048126e+09,"_runtime":5.1502263,"_step":4,"_wandb":{"runtime":5},"epoch":5,"training_loss":2.2346982640006683,"validation_accuracy":0.21433333333333332}