{"epoch":5,"validation_accuracy":0.7801666666666667,"test_accuracy":0.775,"validation loss":0.6358292908646728,"_wandb":{"runtime":16},"_runtime":16.0321123,"_step":5,"training_loss":0.6401873597479836,"_timestamp":1.742067964999757e+09}