{"validation_accuracy":0.10229411764705883,"_timestamp":1.7415520848696074e+09,"_runtime":22.0747245,"_step":9,"_wandb":{"runtime":22},"epoch":10,"training_loss":2.836614424102928}