{"training_loss":0.29553334121062386,"_wandb":{"runtime":62},"test_accuracy":0.8727,"validation loss":0.3256897137472036,"validation_accuracy":0.8786666666666667,"_step":5,"_runtime":62.4364541,"epoch":5,"_timestamp":1.7420668834077141e+09}