{"test_accuracy":0.795,"training_loss":0.15287583271550903,"validation_accuracy":0.7956666666666666,"_timestamp":1.7420925295265977e+09,"_wandb":{"runtime":299},"validation loss":0.14146947391312137,"epoch":40,"_runtime":299.5335388,"_step":40}