{"training_loss":2.3075948709516396,"_timestamp":1.742205380582642e+09,"validation_accuracy":0.10233333333333333,"_runtime":23.6966756,"test_accuracy":0.1,"_step":10,"epoch":10,"validation loss":2.3030171765720313,"_wandb":{"runtime":23}}