{"_wandb":{"runtime":73},"validation_accuracy":0.10116666666666667,"_step":10,"test_accuracy":0.1,"training_loss":2.3942137807004022,"_timestamp":1.7422006954333086e+09,"_runtime":73.2800172,"epoch":10,"validation loss":2.3025937821667575}