{"_wandb":{"runtime":41},"validation_accuracy":0.8106666666666666,"training_loss":0.6721638667252618,"_timestamp":1.7421960485484428e+09,"test_accuracy":0.8054,"validation loss":0.5532206052073751,"_step":5,"epoch":5,"_runtime":41.056557}