{"validation_accuracy":0.7623333333333333,"_step":10,"test_accuracy":0.7667,"_wandb":{"runtime":60},"validation loss":0.6548653724063911,"epoch":10,"_timestamp":1.7421974916841664e+09,"_runtime":60.0445239,"training_loss":0.6748529144490046}