{"_wandb":{"runtime":6},"_runtime":6.4519454,"_timestamp":1.7420662692176883e+09,"epoch":5,"validation_accuracy":0.2771666666666667,"_step":5,"training_loss":6.318065804714168,"test_accuracy":0.2729,"validation loss":2.2967970881895448}