{"test_accuracy":0.1204,"_wandb":{"runtime":4},"epoch":5,"training_loss":2.2682946066025647,"validation_accuracy":0.12233333333333334,"_timestamp":1.7415538152626152e+09,"_runtime":4.5949962,"_step":5}