{"training_loss":2.3194738584994052,"validation_accuracy":0.42183333333333334,"test_accuracy":0.4219,"_runtime":22.8794787,"epoch":10,"_wandb":{"runtime":22},"_timestamp":1.7421430574255598e+09,"_step":10,"validation loss":2.2110929580550467}