{"_timestamp":1.742068388532603e+09,"test_accuracy":0.1,"validation_accuracy":0.10116666666666667,"epoch":10,"_step":10,"validation loss":2.3026179154947752,"training_loss":2.3028004712359356,"_runtime":22.1928671,"_wandb":{"runtime":22}}