{"training_loss":2.3026533026029408,"_step":10,"test_accuracy":0.1,"validation_accuracy":0.0995,"_runtime":88.5336981,"validation loss":2.3024827947628483,"_timestamp":1.742138352458818e+09,"epoch":10,"_wandb":{"runtime":88}}