{"_wandb":{"runtime":142},"training_loss":2.302810472047489,"_timestamp":1.7421961972281373e+09,"_runtime":142.1729034,"validation loss":2.302650717268422,"_step":10,"validation_accuracy":0.0995,"test_accuracy":0.1,"epoch":10}