{"_wandb":{"runtime":14},"epoch":5,"training_loss":2.1714651872065702,"validation_accuracy":0.28919607843137257,"_timestamp":1.7415520287933457e+09,"_runtime":14.224581,"_step":4}