{"_wandb":{"runtime":34},"_step":10,"validation loss":2.3056860445062553,"_runtime":34.2281474,"epoch":10,"test_accuracy":0.1,"training_loss":2.304927175048563,"validation_accuracy":0.10233333333333333,"_timestamp":1.7422036971813574e+09}