{"validation_accuracy":0.3541666666666667,"_runtime":19.9043303,"test_accuracy":0.351,"validation loss":3.184364948284779,"_wandb":{"runtime":20},"_step":5,"epoch":5,"training_loss":2.9764739844627477,"_timestamp":1.742197772506425e+09}