{"_wandb":{"runtime":267},"training_loss":0.5781649968433814,"test_accuracy":0.8338,"validation_accuracy":0.838,"validation loss":0.45983494579240125,"_step":10,"_timestamp":1.7421964722227755e+09,"_runtime":267.6986423,"epoch":10}