{"_wandb":{"runtime":10},"_step":9,"epoch":10,"training_loss":0.33379122701774677,"validation_accuracy":0.8412352941176471,"_timestamp":1.741552495295993e+09,"_runtime":10.4491347}