{"validation loss":0.37880591702286226,"test_accuracy":0.8553,"_step":5,"_timestamp":1.7420656065140254e+09,"validation_accuracy":0.8648333333333333,"_runtime":24.1042333,"_wandb":{"runtime":24},"epoch":5,"training_loss":0.44520189154683387}